4465564,Fifty Shades Darker,2017-02-10,2018-03-28 21:30:12.314168,Universal Pictures,Perfect World Pictures (Beijing),Michael De Luca Productions,Dentsu,Fuji Television Network
3922818,The Space Between Us,2017-02-03,2018-03-28 21:30:13.951362,Los Angeles Media Fund (LAMF),STX Entertainment,Southpaw Entertainment (I)
4116284,The LEGO Batman Movie,2017-02-10,2018-03-28 21:30:15.642340,DC Entertainment,LEGO System A/S,Lin Pictures,Lord Miller,RatPac-Dune Entertainment,Vertigo Entertainment,Warner Animation Group,Warner Bros. Animation,Warner Bros.
3401882,Fist Fight,2017-02-17,2018-03-28 21:30:19.045700,New Line Cinema,Village Roadshow Pictures,21 Laps Entertainment,Wrigley Pictures,Van Brand
4600952,The Guardians,2017-02-23,2018-03-28 21:30:19.661275,Big Cinema House,Enjoy Movies,Renovatio Entertainment
0498381,Rings,2017-02-03,2018-03-28 21:30:20.395183,Macari/Edelstein,Parkes+MacDonald Image Nation,Vertigo Entertainment,Waddieish Claretrap
5351818,Rock'n Roll,2017-02-15,2018-03-28 21:30:27.771473,Les Productions du Trésor,Pathé,Caneo Films,M6 Films,Appaloosa Cinéma,Canal+,Ciné+,M6,W9
4356480,The Healer,2017-02-17,2018-03-28 21:30:28.387765,Calcón,ESP-62 Producciones,Topsail Entertainment
6346162,Disney's Newsies the Broadway Musical,2017-02-16,2018-03-28 21:30:29.156834,Fathom Events,PJM Productions,Steam Motion & Sound
6455992,Love Blossoms,2017-02-14,2018-03-28 21:30:30.561945,Leif Films,Saga Film,Umedia,uFund
2196053,Something Like Summer,2017-02-25,2018-03-28 21:30:31.867792,Blue Seraph Productions,Jade Knight Productions
3182620,Bitter Harvest,2017-02-23,2018-03-28 21:30:34.713810,Devil's Harvest Production,Tell Me A Storey
5544384,Gekijo-ban Sword Art Online: Ordinal Scale,2017-02-18,2018-03-28 21:30:39.152176,A-1 Pictures,ASCII Mediaworks,Aniplex,Bandai Namco Entertainment,Genco
2962984,Girlfriend's Day,2017-02-14,2018-03-28 21:30:40.095940,Netflix,Odenkirk Provissiero Entertainment
5224012,Kiss and Cry,2017-02-10,2018-03-28 21:30:43.603911,Mythic Productions
6343706,"Michael Bolton's Big, Sexy Valentine's Day Special",2017-02-07,2018-03-28 21:30:44.525377,Comedy Bang! Bang! Productions,Netflix,Passion Films
5848714,American Violence,2017-02-03,2018-03-28 21:30:45.525510,Status Media & Entertainment,BondIt
6290736,Wheeler,2017-02-03,2018-03-28 21:30:48.706812
5370442,Balu Mahi,2017-02-10,2018-03-28 21:30:51.343900,Sadia Jabbar Productions
4909752,Rangoon,2017-02-24,2018-03-28 21:30:53.817046,Viacom18 Motion Pictures,Vishal Bhardwaj Pictures,Nadiadwala Grandson Entertainment
4435082,Running Wild,2017-02-10,2018-03-28 21:31:01.177586,ESX Entertainment,ESX Productions
3592904,Cross Wars,2017-02-07,2018-03-28 21:31:02.815039,Morningstar Films,Four Horsemen Films
5328350,Pokot,2017-02-24,2018-03-28 21:31:03.594414,"Studio Filmowe ""Tor""",Heimatfilm,Nutprodukce,Chimney group,Nutprodukcia,Agora,Ceská Televize,Eurimages,Film i Väst,HBO Polska,Narodowy Instytut Audiowizualny,Odra Film,Polski Instytut Sztuki Filmowej,ZDF/Arte
6830780,Loosideu deurim,2017-02-22,2018-03-28 21:31:04.437128,Rod Pictures
3705822,Moontrap: Target Earth,2017-02-07,2018-03-28 21:31:09.716896,MT2 Productions
4834220,Pork Pie,2017-02-02,2018-03-28 21:31:12.173658,Four Knights Film,Southern Light Films,Random Films
5176390,Non-Transferable,2017-02-14,2018-03-28 21:31:14.462464,Jigsaw Ensemble
5607782,The Covenant,2017-02-07,2018-03-28 21:31:18.998924,FunHouse Features
5376196,Wilde Maus,2017-02-17,2018-03-28 21:31:21.064186,ARD Degeto Film,Filmfonds Wien,FreibeuterFilm,Land Niederösterreich,Wega Film,Österreichischer Rundfunk (ORF),Österreichisches Filminstitut
5281700,Heartbeats,2017-02-09,2018-03-28 21:31:21.717260,Bowery Hills Entertainment,Dance Network,Das Films,Exit Strategy Productions,Mediabiz International,On the Road
5797798,Stalker's Prey,2017-02-09,2018-03-28 21:31:22.560902,Johnson Production Group,Stargazer Films (II),Synthetic Cinema International
4765862,Kept Boy,2017-02-04,2018-03-28 21:31:24.512825,Psychic Bunny
5982852,Jolly LLB 2,2017-02-10,2018-03-28 21:31:25.497945,Fox STAR Studios
5641832,Kojot,2017-02-16,2018-03-28 21:31:30.428622,Megafilm
2917484,Cute Little Buggers,2017-02-10,2018-03-28 21:31:31.635477,Great Dayne Entertainment,Jopia Productions
5897288,Smetto quando voglio: Masterclass,2017-02-02,2018-03-28 21:31:32.662679,Groenlandia,Fandango,Rai Cinema,Ministero dei Beni e delle Attivita Culturali e del Turismo (MiBACT),Regione Lazio
6399158,Fabricated City,2017-02-24,2018-03-28 21:31:33.329604,TPS Company
5301544,Swing State,2017-02-03,2018-03-28 21:31:35.392596,Thunk Enterprises,Circle 4 Entertainment,VMI Worldwide
4994564,Love of My Life,2017-02-17,2018-03-28 21:31:36.343122,Paragraph Pictures,GSP Studios
4382376,Lost Cat Corona,2017-02-24,2018-03-28 21:31:38.151792,Choice Films,City Squirrel Films
5425502,"Schatz, nimm Du sie!",2017-02-16,2018-03-28 21:31:41.687353,Conradfilm,Bavaria Filmproduktion Köln,Chapter 2,Telepool,Bavaria Fiction
6299040,The Ghazi Attack,2017-02-17,2018-03-28 21:31:44.135169,Matinee Entertainments,PVP Cinema
4132190,The Babymoon,2017-02-14,2018-03-28 21:31:45.074103,Double Entente Films
3024324,Kill Game,2017-02-17,2018-03-28 21:31:51.800946,Full Throttle Pictures
6731636,Jaesim,2017-02-15,2018-03-28 21:31:52.518316,Opus Pictures
4880630,Hjertestart,2017-02-24,2018-03-28 21:31:53.579770,Motlys,"Film Kitchen, The",GOfilm
6315750,Jue zhan shi shen,2017-02-17,2018-03-28 21:31:54.194320,Emperor Film and Entertainment (Beijing),Beijing Asian Union Culture & Media Investment,Hehe (Shanghai) Pictures,Beijing Starlit Movie and TV Culture,Wanda Pictures,Black Ant (Shanghai) Film,Stellar Mega Films,Emperor Entertainment (Hong Kong),Emperor Film Production,Hunan Mango Entertainment,The One Media Group,Blue Sky Media,Song Media
4836110,Emilija,2017-02-16,2018-03-28 21:31:55.805963,Fralita Films,Ulvyds
3721112,The Shadow People,2017-02-28,2018-03-28 21:31:56.970169,Edgen Films
3626214,Alien Vs. Zombies,2017-02-04,2018-03-28 21:31:57.624478,Nisivoccia Films
5966750,Single Rider,2017-02-22,2018-03-28 21:31:58.507002,Perfect Storm Film,BH Entertainment Co. Ltd.
2492344,Division 19,2017-02-24,2018-03-28 21:31:59.372691,Division 19,Gas Station 8,ITS Capital,Tiny Hand Films
5646992,It Happened One Valentine's,2017-02-07,2018-03-28 21:32:01.577152,Fly Free Films
6439558,Recep Ivedik 5,2017-02-16,2018-03-28 21:32:04.784850,Camasirhane
6569546,Ghouls,2017-02-22,2018-03-28 21:32:05.748239,Gorad,VVP-Alyans
5451640,Secrets of Deception,2017-02-07,2018-03-28 21:32:07.201603,Webber Films,DejaView Films,History In The Making Entertainment,Leading Lobos,Webstar Productions
4229578,Adventure Club,2017-02-10,2018-03-28 21:32:08.251627,Montague Entertainment,Trilight Entertainment
5468016,Digimon Adventure Tri. 4,2017-02-25,2018-03-28 21:32:09.421479,Toei Animation
5010982,Elite,2017-02-01,2018-03-28 21:32:11.990885,Live Wire Films
4023854,Evol,2017-02-20,2018-03-28 21:32:13.525271,Sonder Pictures
3305388,Mountain Top,2017-02-10,2018-03-28 21:32:14.410082,Level Path Productions
3188492,Call of the Wolf,2017-02-07,2018-03-28 21:32:15.330410,Womack Film Works
6467738,Irada,2017-02-17,2018-03-28 21:32:17.502489,Irada Entertainment
6503672,Pertaruhan,2017-02-09,2018-03-28 21:32:21.541326,Investasi Film Indonesia
5614984,Kimi to 100-kaime no koi,2017-02-04,2018-03-28 21:32:23.688259,Asmik Ace Entertainment,Kyodo Tokyo,Shueisha,Sony Music Records,Tristone Entertainment Inc.
5892746,Ezra,2017-02-10,2018-03-28 21:32:24.956852,E4 Entertainment
5345806,"El que busca, encuentra",2017-02-24,2018-03-28 21:32:26.971201,All About Media,Different Films
3296156,Mientras el Lobo No Está,2017-02-24,2018-03-28 21:32:28.072415,Magnifico Entertainment,Movies Independent
5790492,Es por tu bien,2017-02-24,2018-03-28 21:32:30.092058,Quexito Films,Telecinco Cinema
2523096,Needlestick,2017-02-21,2018-03-28 21:32:31.070361,Decipher Entertainment,Mass Effect Productions,Royale Greenstone Entertainment
6437888,Far til fire på toppen,2017-02-09,2018-03-28 21:32:32.290247,ASA Film Produktion ApS,Blinkfilm
5577492,The Valley of the Rats,2017-02-17,2018-03-28 21:32:33.292589,Brivido Giallo,Creepy Six Films,Generativity Productions,Will Carne Productions
6340112,Bogan,2017-02-02,2018-03-28 21:32:36.460187,Prabhudheva Studios,Sri Green Productions
6296236,Running Shaadi,2017-02-17,2018-03-28 21:32:37.518806,Crouching Tiger Motion pictures
4662396,Sable,2017-02-22,2018-03-28 21:32:40.129798,InnoVate Productions,Italian Cowboy Productions
6464360,The Hollow Child,2017-02-09,2018-03-28 21:32:41.571058,Broken Mirror Films
6284474,Chowka,2017-02-03,2018-03-28 21:32:42.454845,Dwarakish Chitra,United Spirits
4578050,Timm Thaler oder das verkaufte Lachen,2017-02-02,2018-03-28 21:32:43.107861,Constantin Film,Rolize GmbH & Co.,Zweites Deutsches Fernsehen (ZDF)
6408946,Easter Bunny Adventure,2017-02-17,2018-03-28 21:32:45.077790
3447876,Deadly Sanctuary,2017-02-17,2018-03-28 21:32:45.933049,First In Security Tactics,NANDAR Entertainment Group,Starfire Productions,WeatherVane Productions
3350996,VooDoo,2017-02-24,2018-03-28 21:32:46.848520,Hypercube Films
3615160,Gyakusatsu kikan,2017-02-03,2018-03-28 21:32:49.581252,Geno Studio,Manglobe
6014442,Rice on White,2017-02-08,2018-03-28 21:32:52.614736
5886216,Veeram,2017-02-24,2018-03-28 21:32:53.620726
6160504,Fukri,2017-02-03,2018-03-28 21:32:56.259371,S Talkies,Vaishaka Cynyma
5778908,Yellow Fever,2017-02-15,2018-03-28 21:32:57.141989,Wham Bam Productions
6538906,Thong Dee Fun Khao,2017-02-09,2018-03-28 21:32:57.840564
5812510,BugiGangue no Espaço,2017-02-23,2018-03-28 21:32:59.300300,44 Toons
5210054,Mind Memory:1.44,2017-02-23,2018-03-28 21:33:02.245407,FehuInfinity Co.
5612182,Walk Away from Love,2017-02-10,2018-03-28 21:33:05.661593,Nferno Productions LLC
6340296,Mamma o papà?,2017-02-14,2018-03-28 21:33:06.625934,Medusa Film,Wildside
6542454,Anka,2017-02-23,2018-03-28 21:33:07.735655,Da Film d.o.o.
6550794,Siew Lup,2017-02-23,2018-03-28 21:33:10.277613
6493422,Swipe,2017-02-01,2018-03-28 21:33:11.200126
5950646,Bibi & Tina: Tohuwabohu total,2017-02-23,2018-03-28 21:33:12.116622,Boje Buck Produktion,DCM Productions,Kiddinx Studios,Zweites Deutsches Fernsehen (ZDF)
6094992,Mona_Darling,2017-02-24,2018-03-28 21:33:13.081260,First Ray Films,Alt J Films
4942270,All for Three,2017-02-02,2018-03-28 21:33:15.203540,Fridthjof Film,Det Danske Filminstitut,Croatian Audiovisual Centre,Den Vestdanske Filmpulje,Nordisk Film,Radiator Film,Spiritus Movens Production,TV2 Danmark
6404816,Trio - Jakten på Olavsskrinet,2017-02-17,2018-03-28 21:33:16.204671,Film Fond Nord,NDR,NordicStories
6567472,Death Game,2017-02-22,2018-03-28 21:33:16.887478,CineRidge Entertainment
6522982,Molly,2017-02-11,2018-03-28 21:33:17.937992,Get Off The Road
6197094,Beata ignoranza,2017-02-23,2018-03-28 21:33:18.977449,Italian International Film
5910902,Mahi NRI,2017-02-10,2018-03-28 21:33:19.973641,Firefly Motion Pictures,Firefly Motion Pictures
6567396,Yaman,2017-02-24,2018-03-28 21:33:23.293816,Lyca Productions,Vijay Antony Corporation
6189880,Alif,2017-02-03,2018-03-28 21:33:24.513311,Jalsa Pictures
5908764,Carry on Kesar,2017-02-17,2018-03-28 21:33:25.498025,Galactic Motion Pictures,Manpasand Films
5323640,Singam 3,2017-02-09,2018-03-28 21:33:26.716640,Pen Movies,Studio Green
5754992,The Landing,2017-02-11,2018-03-28 21:33:28.156433,"Landing, The",Rocket 66 Entertainment
6108558,The Novelist,2017-02-03,2018-03-28 21:33:28.921824,C & C International Media Group
3766340,"Liza, Liza, Skies Are Grey",2017-02-02,2018-03-28 21:33:31.242682,"Liza, Liza"
6350558,Ismaii,2017-02-09,2018-03-28 21:33:33.381480,Fantascope Production
3946960,Chapter & Verse,2017-02-03,2018-03-28 21:33:34.743471,"Bubble Factory, The",Harlem Film Company
5992138,The Game Changer,2017-02-10,2018-03-28 21:33:35.799971,Horgos Heng Xing Film-Television Culture Development
5469480,Saving Faith,2017-02-01,2018-03-28 21:33:36.812402,Rossetti Productions
6047974,Lupin the IIIrd: Chikemuri no Ishikawa Goemon,2017-02-04,2018-03-28 21:33:37.524606,TMS Entertainment,Telecom Animation Film Company
6437870,Duniyadari the Film,2017-02-17,2018-03-28 21:33:38.717341,Kamal Amrohi Pictures,Worldwide Motion Pictures
5881892,Elizabeth Blue,2017-02-16,2018-03-28 21:33:39.699598,Nittle Baby Productions
4449516,Trew Calling,2017-02-02,2018-03-28 21:33:40.883040,NDstudios,GKG Productions
5946936,Surga Yang Tak Dirindukan 2,2017-02-09,2018-03-28 21:33:42.937735,MD Entertainment,MD Pictures
6025806,Sangarid,2017-02-17,2018-03-28 21:33:44.468520,Taska Film,Matila Röhr Productions (MRP),Film Angels Production
3962184,Hebbuli,2017-02-23,2018-03-28 21:33:45.820977,S.R.V. Productions,Umapathy Films
6568410,Hamah,2017-02-23,2018-03-28 21:33:47.715942
6095714,The Boundary,2017-02-15,2018-03-28 21:33:49.176458,Dark Square Productions
5495726,Bába z ledu,2017-02-23,2018-03-28 21:33:50.268228,Barrandov Studios,Ceská Televize,Why Not Productions
6407598,Tékasztorik,2017-02-23,2018-03-28 21:33:52.478282,Drastique Pictures,ZLS Productions
5716438,Kaiken se kestää,2017-02,2018-03-28 21:33:53.406573,Silva Mysterium Oy,Dragon Films
6570014,Life Animated,2017-02-18,2018-03-28 21:33:53.940385,Twin Suns Entertainment
5779960,Bear Creek,2017-02-19,2018-03-28 21:33:55.903221,Razorbill Productions
3517850,12 Rounds,2017-02-09,2018-03-28 21:33:56.844121,Artesia Films,Sierravista Pictures
5775194,Kung Fu Traveler,2017-02-01,2018-03-28 21:33:57.783403
6571110,Internet: O Filme,2017-02-23,2018-03-28 21:34:03.068861,Paris Entretenimento
6975084,Tomake Chai,2017-02-01,2018-03-28 21:34:03.747894,SVF Entertainment (II)
4565668,Sorceress,2017-02-25,2018-03-28 21:34:04.301618
6544850,My Ex and Whys,2017-02-15,2018-03-28 21:34:04.964064,Star Cinema Productions
4821190,The Turnaround,2017-02-18,2018-03-28 21:34:08.238539,1st Dibz Productions
6531384,Pickups,2017-02-18,2018-03-28 21:34:10.140291,Pick Up Films
5633706,Karera ga honki de amu toki wa,2017-02-25,2018-03-28 21:34:10.797572,Dentsu,J Storm,Paradise Cafe,Parco Co. Ltd.,Sony Music Entertainment
4902266,Reborn,2017-02,2018-03-28 21:34:11.723538,Sirens Films
6575062,Porady na zdrady,2017-02-24,2018-03-28 21:34:13.499658,Figaro Film Production Ltd.,Kino Swiat,MX35,TVN
5167966,Isshuukan furenzu,2017-02-18,2018-03-28 21:34:15.683919,Asmik Ace Entertainment,Fuji Creative (FCC),Ken-On Group,Kinoshita Group,Nippon Television Network (NTV),Shochiku Company,Square Enix Company
6200604,Aby,2017-02-23,2018-03-28 21:34:16.642876,Little Big Films
6613932,Adiós entusiasmo,2017-02,2018-03-28 21:34:17.713305,Imaginaria Films,Joyce Ventura,Un Puma
6009102,Baghtos Kay Mujra Kar,2017-02-03,2018-03-28 21:34:19.054454,Ganraj Associates
6027102,Saki,2017-02-03,2018-03-28 21:34:41.254942
5254886,uk18,2017-02-01,2018-03-28 21:34:42.233835,Keeps on Burning Films
5161058,"Have fun, Vasya!",2017-02-14,2018-03-28 21:34:44.484588,"Kinokompaniya 'Yellow, Black and White'"
2182065,Police State,2017-02-01,2018-03-28 21:34:45.603643,"Vladar Company, The"
6846134,National Theatre Live: Amadeus,2017-02-02,2018-03-28 21:34:46.656360,National Theatre Live
6493974,Enakku Vaaitha Adimaigal,2017-02-02,2018-03-28 21:34:47.777193,Vansan Movies
5337480,TOC: Transtornada Obsessiva Compulsiva,2017-02-02,2018-03-28 21:34:48.910424,Bionica Filmes
3980372,Courageous Love,2017-02-14,2018-03-28 21:34:50.044185,Crystal Creek Media
6786550,La tierra aun se mueve,2017-02,2018-03-28 21:34:51.345590,SilverScreen Productions,Filmadora Numina
6494052,Nenu Local,2017-02-02,2018-03-28 21:34:52.414354,Sri Venkateswara Creations
4065214,Wild Men,2017-02-07,2018-03-28 21:34:53.347536,Goocher Films
6211580,Khoob Bad Jelf,2017-02-15,2018-03-28 21:34:54.560987
6182372,Om Namo Venkatesaya,2017-02-10,2018-03-28 21:34:55.608684,Sai Krupa Entertainment
4943620,A Closer Walk with Thee,2017-02-28,2018-03-28 21:34:56.697493
5292928,Assumption,2017-02-16,2018-03-28 21:34:57.672882,Gray Area Multimedia,Rosewood Five
7282762,Typecaste,2017-02-13,2018-03-28 21:34:58.692672,Cineplay
6467380,Hind Ka Napak Ko Jawab,2017-02-10,2018-03-28 21:35:01.137845,Hakikat Entertainment
2081348,Rearview,2017-02,2018-03-28 21:35:02.737848,Northpoint Pictures,Premiere Picture,SPEIS Limited
6551510,Die Tochter,2017-02,2018-03-28 21:35:03.834741,Das Kleine Fernsehspiel (ZDF),Ente Kross Film
7411252,Escape from the Devil's Den,2017-02-04,2018-03-28 21:35:05.188657
6523068,"U, Me Aur Ghar",2017-02-10,2018-03-28 21:35:06.131266,ABD Production
6283934,Los Angeles Kidnapping,2017-02-24,2018-03-28 21:35:07.441677,Beijing Zhuimeng Culture,Zhuimeng Media
6499258,Wedding Anniversary,2017-02-24,2018-03-28 21:35:09.442320
4671306,Povratak,2017-02-21,2018-03-28 21:35:10.611649
6386132,Gwut mui,2017-02-23,2018-03-28 21:35:11.827626
6889126,The Poacher,2017-02,2018-03-28 21:35:12.695213
6567406,Muthuramalingam,2017-02-24,2018-03-28 21:35:15.786509,Global Media Works
6431324,"I'm Drunk, I Love You",2017-02-15,2018-03-28 21:35:16.587301,Buchi Boy Entertainment,Tuko Film Productions
6518634,Hap joek nam nui,2017-02-16,2018-03-28 21:35:19.760205,Bona Film Group,Sun Entertainment Culture
3630800,Another Yeti a Love Story: Life on the Streets,2017-02-14,2018-03-28 21:35:20.803590
5108524,The Dark Military,2017-02-09,2018-03-28 21:35:22.106034,Average Superstar Films,Backseat Conceptions
6642212,The Ministry of Stories Anthology of Horror,2017-02-26,2018-03-28 21:35:23.101657,"Ministry of Stories, The"
5317276,Obamaland Part 1: Rise of the Trumpublikans,2017-02-01,2018-03-28 21:35:25.005693,Bergman Film Company,Tomangie Films
3180402,Getting Schooled,2017-02-07,2018-03-28 21:35:26.871590,Lucky Chucky Productions
3101140,My B.F.F.,2017-02-13,2018-03-28 21:35:27.891052,My BFF Films,AMP International,G2,Nexus Entertainment
6544384,Rum,2017-02-17,2018-03-28 21:35:28.867075,All In Pictures
6634906,Gekijouban soushuuhen Ôbârôdo: Fushisha no ou,2017-02-25,2018-03-28 21:35:30.258812,Kadokawa
6407390,Down on the Farm,2017-02-14,2018-03-28 21:35:33.045388,Ruthless Studios
6522478,Premi O Premi,2017-02-24,2018-03-28 21:35:34.133559,Jaaz Multimedia
5706112,Moammar Emka's Jakarta Undercover,2017-02-23,2018-03-28 21:35:34.958215
4387532,"Como te ves, me vi",2017-02-15,2018-03-28 21:35:35.818170,Cines3,Concientia
3687810,Writer's Room,2017-02-04,2018-03-28 21:35:36.900704,Guerilla 59 & Sparetime Film
4916178,No Blood of Mine,2017-02-04,2018-03-28 21:35:37.768535,No Blood of Mine
6359454,Chauhar,2017-02,2018-03-28 21:35:39.019100,Dinkar's Film Productions
5738264,Aibô: Gekijô-ban IV,2017-02-11,2018-03-28 21:35:40.267384,TV Asahi
4464270,When the Day Had No Name,2017-02-11,2018-03-28 21:35:41.436995,Sister and Brother Mitevski,Entre Chien et Loup,Vertigo,Centre du Cinéma et de l'Audiovisuel de la Fédération Wallonie-Bruxelles
6524170,Bad Actress,2017-02-13,2018-03-28 21:35:42.292959,"Movie Studio, The"
6568474,Winner,2017-02-23,2018-03-28 21:35:44.496034
4947572,On the Rocks,2017-02-03,2018-03-28 21:35:45.439053,No Sleep Films,Cadavre Films,BoulderLight Pictures
5860852,The Perfect Wife,2017-02-02,2018-03-28 21:35:46.539891,Syllabus Productions
6467436,Srinivasa Kalyana,2017-02-24,2018-03-28 21:35:47.611985,M G Cinemas
6510288,Devi,2017-02-10,2018-03-28 21:35:49.866240,Macneill Engineering
5342736,Starwatch,2017-02-27,2018-03-28 21:35:50.819410
5537514,Allemaal Familie,2017-02-22,2018-03-28 21:35:51.786802,Marmalade Films
1929438,Ulrike's Brain,2017-02-11,2018-03-28 21:35:52.977466,Jürgen Brüning Filmproduktion,Amard Bird Films,Kulturstiftung des Bundes,Kampnagel,Berlin-Brandenburgische Akademie der Wissenschaften,Kunsthochschule für Medien Köln (KHM),HafenCity Universität Hamburg (HCU)
6515050,Ça sent la coupe,2017-02-24,2018-03-28 21:35:53.886971,"Films Outsiders, Les"
6437272,Dhyanimani,2017-02-10,2018-03-28 21:35:55.080748
5373588,Y a Dios que me perdone!,2017-02-26,2018-03-28 21:35:57.101000,Estudio Quitasueño
6138706,Mr. Hurt,2017-02-02,2018-03-28 21:35:58.841583,Transformation Films
6814092,"PJ Masks, Let's Go PJ Masks",2017-02,2018-03-28 21:35:59.560491
6344696,Gekijouban Toriniti sebun: Yuukyuu toshokan to rekinjutsu shoujo,2017-02-25,2018-03-28 21:36:02.673372,Seven Arcs Pictures
4624204,Slipaway,2017-02-23,2018-03-28 21:36:03.644288,Creative Vision,Glasscore Entertainment
5874398,Kyô no Kira kun,2017-02-25,2018-03-28 21:36:04.599966,Media Mix Japan Company (MMJ)
6026008,Biser Bojane,2017-02-15,2018-03-28 21:36:05.728573,Vision Team
6534724,Ruk Kong Rao,2017-02-14,2018-03-28 21:36:07.660829,Talent 1 Movie Studio
6044548,Sumarbörn,2017-02-24,2018-03-28 21:36:08.549635,Ljosband Filmworks,Filmhuset Gruppen
6539420,A Man Wanted,2017-02-14,2018-03-28 21:36:09.584464,Birthmark Films,Red Star for Film Production and Distribution,Old Metro
6503596,Bukaan 8,2017-02-23,2018-03-28 21:36:10.541943,Visinema Pictures
4045444,Untitled (A Film),2017-02-15,2018-03-28 21:36:11.471019,Truk Films
4338252,Groundhog,2017-02-03,2018-03-28 21:36:13.858553,BoomBastic Films
6476532,Sargi,2017-02-24,2018-03-28 21:36:14.794649,Neeru Bajwa Entertainment,Shri narotam ji films
5643272,Kizudarake no akuma,2017-02-04,2018-03-28 21:36:16.849990,Being,Kadokawa,Solid Features,Sony Pictures Entertainment,Stuff Like That
6531060,Ao Oni: The Animation,2017-02-12,2018-03-28 21:36:20.237940,Asmik Ace Entertainment,Studio DEEN
8089116,The Cat in the Hat Knows a Lot About Space!,2017-02-07,2018-03-28 21:36:21.028532,Portfolio Productions
4472084,Traffic 2,2017-02-12,2018-03-28 21:36:22.321023,Pete Middleton Pictures,Pete Middleton Pictures
6206180,Iki Nefes Arasinda,2017-02-15,2018-03-28 21:36:27.871173,Biba Film
6494520,"Geceyarisi, Türkiye zamani",2017-02-16,2018-03-28 21:36:29.170059
5910248,Mistaken,2017-02-02,2018-03-28 21:36:29.974581,Bottom of the Net Filmworks
4061302,One Thing Left to Do,2017-02-14,2018-03-28 21:36:31.109188
6654268,My Little Brother,2017-02-15,2018-03-28 21:36:32.312985
6548370,PolandJa,2017-02-17,2018-03-28 21:36:33.113098
5269754,Whistle,2017-02-17,2018-03-28 21:36:34.450308,Mian Brothers,Meditation Productions
5164702,"Enredados, La confusión",2017-02,2018-03-28 21:36:35.265410,Pacific Invesment Corporation
5761394,Road to Hell,2017-02-01,2018-03-28 21:36:37.001607,Ace Studios,Eye on Excellence Productions,Mustard Seed Media Group
6381432,She's the Boss,2017-02-03,2018-03-28 21:36:38.102167,Galaxy M&E;
3578022,Selling Stupid,2017-02-12,2018-03-28 21:36:38.996973,Pinkie's Kid Productions
6128672,The Assumptions,2017-02-27,2018-03-28 21:36:39.934144,Gina Carey Films
6570972,Tamaroz,2017-02-14,2018-03-28 21:36:41.175504
6208138,Motherhood,2017-02-02,2018-03-28 21:36:43.404983
6522352,Fugay,2017-02-10,2018-03-28 21:36:49.448926,GSEAMS
5052832,Back to One: First Position,2017-02-26,2018-03-28 21:36:50.305533,Divine Miracle Studios,Envz Productions,Trey Marksberry
6329870,Loot 2,2017-02-24,2018-03-28 21:36:51.242715,Princess Movies and Black Horse Pictures
6577246,Necro Files 3000,2017-02-02,2018-03-28 21:36:52.374488,Carilliam Pictures
4949412,Amanda and the Fox,2017-02-11,2018-03-28 21:36:53.693565,Be Your Own Hollywood
5254636,Dream Factory,2017-02-24,2018-03-28 21:37:03.756139
5612162,El Encuentro,2017-02-23,2018-03-28 21:37:04.672824,Kaluana Films
6137138,Meathook Massacre II,2017-02-01,2018-03-28 21:37:05.869457,42ND street films
6500362,Headbang Lullaby,2017-02-12,2018-03-28 21:37:07.062991,"Films de L' Heure Bleue, Les",Pan production company
2786524,Bigger Than the Beatles,2017-02-10,2018-03-28 21:37:08.354815,Fortaleza Filmworks,Hollywood Pictures (III)
6547822,Bloody Murder,2017-02-15,2018-03-28 21:37:09.645787,Tornspace Films
8037662,Mohey,2017-02-11,2018-03-28 21:37:12.133053,Ghab Aseman
4230192,Reel Nightmare,2017-02-07,2018-03-28 21:37:13.593129,Reel Nightmare,Together Magic Films
6495538,SuperMarioLogan: The New House,2017-02-03,2018-03-28 21:37:14.312925,Ryanimation Entertainment
6762684,Bill Engvall: Just Sell Him for Parts,2017-02,2018-03-28 21:37:15.142619
6624984,Valappottukal,2017-02-03,2018-03-28 21:37:17.171168,Samasya Cini Arts
6567380,Pagadi Aattam,2017-02-17,2018-03-28 21:37:18.613870,Bharani Movies,Marram Movies
6125916,Beyond the Shield,2017-02-02,2018-03-28 21:37:19.457029,Maddox Entertainment,Kingdomtainment
5005752,MERCS Movie,2017-02-23,2018-03-28 21:37:20.691538
4933808,Instantánea,2017-02-03,2018-03-28 21:37:21.691948,La Guapa Films
6179182,New in Town,2017-02-01,2018-03-28 21:37:22.594230,EDI Media,MirrorMan Studios,MirrorMan Studios
6843386,The Lou,2017-02-03,2018-03-28 21:37:23.405701,4 Feet Off the Ground
7418296,Eo-lin hyeong-soo 2,2017-02-08,2018-03-28 21:37:24.168173
6038606,One Shot Left,2017-02-14,2018-03-28 21:37:26.747684,Nomis
6035780,Vilaria,2017-02,2018-03-28 21:37:27.653743,Verlodan Films
6594022,Genco,2017-02-17,2018-03-28 21:37:28.576220,Layen Film Reklam Yapim Limited
6857312,Lighting Dindin,2017-02-05,2018-03-28 21:37:30.379455
7496256,Gospel Movie: Who Is My Lord,2017-02-26,2018-03-28 21:37:31.486388,The Church of Almighty God Film Center
6409666,Firildak Ailesi,2017-02-03,2018-03-28 21:37:32.500793,BKM Film,Besiktas Kültür Merkezi (BKM),Grafi2000 Production
6546598,Millennials,2017-02-17,2018-03-28 21:37:33.537219,Filmakademie Baden-Württemberg
7090174,Paint Dry,2017-02-20,2018-03-28 21:37:34.620501
5701120,"Des amours, désamour",2017-02-15,2018-03-28 21:37:35.622497,D Films
4073502,Le concierge,2017-02-03,2018-03-28 21:37:36.625884,Another City
5642934,Det norske hus,2017-02-17,2018-03-28 21:37:37.517402
2967526,Saltwater,2017-02-09,2018-03-28 21:37:38.373812
6155958,Mor Ufuklar,2017-02,2018-03-28 21:37:39.860565,Sargona Film
6567708,Fodi Laishu Yaar,2017-02-24,2018-03-28 21:37:40.852711,Aastha Film Production
4042020,Phillip: The Movie,2017-02-14,2018-03-28 21:37:41.399971,Spike Industries
6522846,Grillo vs Grillo,2017-02-10,2018-03-28 21:37:42.323381,Marangoni Spettacolo
5731468,Rain River Falls,2017-02-28,2018-03-28 21:37:44.165783,MFTD Entertainment
5574080,American Driver,2017-02-24,2018-03-28 21:37:45.187951,Golden Icons,Sneeze Films,Get Known Productions
2401817,Veil,2017-02-14,2018-03-28 21:37:46.065068,Ten Sundays Productions
6255878,Don's Party,2017-02-24,2018-03-28 21:37:46.762723,Occidental Films
6684648,The Boy Who Lived Before,2017-02-02,2018-03-28 21:37:47.571515
5052424,LIVELove,2017-02-15,2018-03-28 21:37:48.501663,JARS Productions,Massive Film Project
6834096,Jedno Ubojstvo za Van,2017-02-06,2018-03-28 21:37:49.392451
6529334,Marlon,2017-02-13,2018-03-28 21:37:50.201005,Lotus Film - Osman Moustafa
5131768,CainAbel,2017-02-13,2018-03-28 21:37:51.230623,Team Ramsey Entertainment
6886274,Red Code,2017-02-01,2018-03-28 21:37:51.958276,Om-Pire Productions
4952536,Cupid's Guillotine,2017-02-14,2018-03-28 21:37:52.853463
6544392,Ennodu Vilayadu,2017-02-17,2018-03-28 21:37:53.851929,Toronto Reels & Reyan Studios
6530360,We Knew Better,2017-02-06,2018-03-28 21:37:55.029878,22 Prod
6533000,Ben Niao,2017-02,2018-03-28 21:37:56.101046,Coolie Films Corporation,Coolie Films,Yellow-Green Pi
6206134,In the Shadows of Sugar Hill,2017-02-01,2018-03-28 21:37:57.028062,G&S; Productions
5056786,Dirty South House Arrest,2017-02,2018-03-28 21:37:58.255546,Reel Girl Films
6489426,Bandidos e Balentes: Il codice non scritto,2017-02-23,2018-03-28 21:38:00.378537
3776068,Night Kaleidoscope,2017-02-04,2018-03-28 21:38:01.390558,Digital Onset Films
6513180,Po ma zhang fei,2017-02-03,2018-03-28 21:38:02.537164,Tongle Media
4932580,"A Rabbi, a Priest and an Ex-Gumba",2017-02-14,2018-03-28 21:38:03.724222,Land Of The Free
6077620,My Experience,2017-02-05,2018-03-28 21:38:04.862336,Tranquillibrium Entertainment
6913400,Thicker Than Blood,2017-02-01,2018-03-28 21:38:05.759665,Second Glance Productions
7831506,Sun-dome Snack: Mesu sakaba,2017-02-10,2018-03-28 21:38:06.931663,Sekine Production
6975620,Battle of Persian Gulf II,2017-02-18,2018-03-28 21:38:07.654472,Fatima Zahra Animation Studios
5478868,Coffee & Cabbage,2017-02-21,2018-03-28 21:38:08.622242,"Other Hitchcock Entertainment, The",Wickid Pissa Films
5109382,Buscando Nirvana,2017-02-23,2018-03-28 21:38:09.660172,Lotus Films Peru
6050008,Italian Business,2017-02-16,2018-03-28 21:38:10.732554,Arturo and Mario Productions
6413370,Aganatiq,2017-02-01,2018-03-28 21:38:12.676673
6215964,Cereyan,2017-02-24,2018-03-28 21:38:13.665196,Green Pictures
5169570,Bloods Thicker Then Water,2017-02-01,2018-03-28 21:38:14.539248,Paddington Films
2994262,Bandit and the Saints of Dogwood,2017-02-03,2018-03-28 21:38:15.482119,Engine 15 Media Group,Lycan Entertainment,WillRock Entertainment
6414704,Fuck You Jessica Blair,2017-02-28,2018-03-28 21:38:16.380902
3198282,The Game Done Changed,2017-02-14,2018-03-28 21:38:17.266099,Black Jack Entertainment,Loyal Royal Entertainment,Nikkso Productions
6193506,The Spiral,2017-02-01,2018-03-28 21:38:18.092800,SKT Media & Entertainment Group
6092354,And Action,2017-02-23,2018-03-28 21:38:19.095999,G&J; Production
5047136,Denounced,2017-02-04,2018-03-28 21:38:20.155284,4 Mile Radius Productions
6204836,Hitman Conspiracy,2017-02-16,2018-03-28 21:38:21.060097,Sinful Repentance
5791878,Beautiful Lives,2017-02-17,2018-03-28 21:38:21.861074
6445420,Víziváros,2017-02,2018-03-28 21:38:22.775524
7599970,Gospel Movie: The Bible and God,2017-02-28,2018-03-28 21:38:24.093905,The Church of Almighty God Film Center
5192576,The Book of Ten Years,2017-02-23,2018-03-28 21:38:25.027283,Howling Gale Entertainment
6099466,Yung Galore,2017-02-21,2018-03-28 21:38:26.058502
2112982,Kessler's Lab,2017-02-05,2018-03-28 21:38:27.316976,Final Cut Productions (II),Flying Turtle Productions II,Red Castle Pictures
6842292,Shift (Shiljilt),2017-02-10,2018-03-28 21:38:28.152465,Airkreativ,Bid Hed Negdel,Mongol Films Distribution
5185994,2Close2U,2017-02-10,2018-03-28 21:38:29.310710
7635690,Songs of wind,2017-02-05,2018-03-28 21:38:30.133160,Sahar TV
6644792,Aslanlar ve ceylanlar,2017-02-16,2018-03-28 21:38:31.516524
6857258,Partners: The Movie IV,2017-02-12,2018-03-28 21:38:32.262016
6574402,El ocaso del cazador,2017-02-24,2018-03-28 21:38:32.905473,Prada Films
7646430,Helen,2017-02-22,2018-03-28 21:38:33.811350
6490334,Blackberry Smoke with Bob Weir: An Evening at TRI,2017-02-03,2018-03-28 21:38:34.674128,TRI Studios
3850164,Return to Nihasa,2017-02-21,2018-03-28 21:38:35.747440,Stay West Films
6145072,Stonehead,2017-02-11,2018-03-28 21:38:36.511521
8115756,Jiyû o te ni suru sono hi made,2017-02-02,2018-03-28 21:38:37.416074,T&Y; Films
6857260,Revenge for Love,2017-02-12,2018-03-28 21:38:38.338703
6769284,IF These Walls Could Talk,2017-02-01,2018-03-28 21:38:40.089735,7th Street Productions
5047372,The Way Forward,2017-02-27,2018-03-28 21:38:40.894849
4553514,Inside Ben,2017-02-25,2018-03-28 21:38:41.556994,Real.Amaru Comedy Productions
5768204,Are We the Waiting,2017-02-01,2018-03-28 21:38:42.704741
7351178,Odnoklassnitsy. #Novyypovorot,2017-02-23,2018-03-28 21:38:43.950974
6509892,Kong shan yi ke,2017-02-12,2018-03-28 21:38:45.113570
6258158,Draco Ortus,2017-02,2018-03-28 21:38:46.052253
6593104,Dhantya Open,2017-02-10,2018-03-28 21:38:46.876035
6487370,9 O' Clock,2017-02-24,2018-03-28 21:38:47.795884,Tejas Films
6224580,Comedy Ensani,2017-02-01,2018-03-28 21:38:48.955696
6435124,Wan Mei You Duo Mei,2017-02-14,2018-03-28 21:38:49.784927,Beijing Shen Brothers Film & TV Culture Media,Starry Entertainment
3704074,The 86,2017-02-24,2018-03-28 21:38:51.498861,Blush Films,Neo Creative Producciones,Xenon Films
5021840,Manhattan Cop,2017-02-28,2018-03-28 21:38:52.343094
4002218,Cafe Artist,2017-02,2018-03-28 21:38:53.303384,Ghazo Pics
6042588,66 & Nowhere,2017-02-04,2018-03-28 21:38:55.090664,GSO Productions,Mark Grise Films,Soul In the Machine Pictures
6413082,Lightman,2017-02-10,2018-03-28 21:38:56.353909,Studio 18
3437498,"Dirty, Yellow, Darkness",2017-02-17,2018-03-28 21:38:57.690780
6379204,The Shape of Things to Come,2017-02-20,2018-03-28 21:38:58.641332,MyParadoxUK
7235806,Dead Grid,2017-02-20,2018-03-28 21:39:00.503539,T H Pictures Productions
7003386,2 Lanes,2017-02-14,2018-03-28 21:39:01.583194,Villain TV
6562128,Branded Red,2017-02-04,2018-03-28 21:39:02.406110,Elder Zombie Productions
6593532,Anina provizija,2017-02-23,2018-03-28 21:39:03.369003,Studio Arkadena
6643814,Bootleg,2017-02,2018-03-28 21:39:04.029001
7622498,Ran Sayura,2017-02-16,2018-03-28 21:39:04.867775
3450178,Vigilia,2017-02-09,2018-03-28 21:39:06.042925,Sudestada Cine,Séacuàtico
6551468,Aaradi,2017-02-17,2018-03-28 21:39:06.965741,Water Movies
7776980,Bulli a metà,2017-02-03,2018-03-28 21:39:24.058716
5862688,Jasper,2017-02-23,2018-03-28 21:39:24.846691,Beijing Feng Yun Entertainment
2222712,Nothing Man,2017-02-01,2018-03-28 21:39:26.042676
2708362,The Execution of Nigel Harris,2017-02-01,2018-03-28 21:39:26.980590,El Cee Productions
7146382,Angel Horror Film,2017-02-01,2018-03-28 21:39:27.745601
5354872,Wash Up,2017-02-03,2018-03-28 21:39:28.677214,Ampex Entertainment,High Star Entertainment
7388678,New Heaven and New Earth,2017-02-15,2018-03-28 21:39:29.845948
6984704,Kadhal Kan Kattudhe,2017-02-17,2018-03-28 21:39:30.940057,Kovai Film Mates
4487032,Largou as Botas e Mergulhou no Céu,2017-02-01,2018-03-28 21:39:31.720608,Controle Remoto Filmes
6947442,The Basement,2017-02-02,2018-03-28 21:39:32.806123,United Federation Production
6789090,Ulysses in the Subway,2017-02-12,2018-03-28 21:39:33.753647
5637878,A Reckoning,2017-02-27,2018-03-28 21:39:34.597615,A Reckoning Film,Brackish Films,Glowstix Studios
7008844,HOUSED: The Feature,2017-02-22,2018-03-28 21:39:36.178697,Magic Dog Productions
7919986,Aku Haus Darah Mu,2017-02-02,2018-03-28 21:39:37.090097,Tsar Asia Sdn Bhd
2566292,Dead Giveaway: The Motion Picture,2017-02-11,2018-03-28 21:39:37.939123,Wortown Films
5089150,ELISA,2017-02-28,2018-03-28 21:39:38.932825,logliner film productions
7389740,Gipeun sajeong,2017-02-15,2018-03-28 21:39:39.762163,Legend Pictures,Ssoah Film
2356196,Three from the Block,2017-02-05,2018-03-28 21:39:40.580662,107 Street Productions
6380402,Rainbow Dreams,2017-02-14,2018-03-28 21:39:41.408495,Sen Hill Pictures
6295070,The Creature from the Fog,2017-02-01,2018-03-28 21:39:42.215496,Higher Dimension Studios
6521086,Moonlight Over Baler,2017-02-08,2018-03-28 21:39:43.102276
6658274,P-Chan Busting Into America,2017-02-14,2018-03-28 21:39:43.864372,Atomic Cheesecake Productions
6660470,Hakka,2017-02-17,2018-03-28 21:39:44.691031,Ambitious Films
6225300,Vista Mare,2017-02-02,2018-03-28 21:39:45.613646,CF-film
5679736,Bloodthirsty,2017-02-24,2018-03-28 21:39:47.524719,Side Effect Films
7040660,Trupti: Gujarati,2017-02-10,2018-03-28 21:39:48.375333
5622442,Evol,2017-02-28,2018-03-28 21:39:49.201577,Sunbow Productions,Tope Oshin Productions
6615584,Woh,2017-02-19,2018-03-28 21:39:50.062367,Tri Avatar Productions
7339610,Boku dake no sensei: rasen no yugami,2017-02,2018-03-28 21:39:50.890619
5486164,Subimago,2017-02-01,2018-03-28 21:39:51.984868,EGGmotion
7811886,El Eterno Silencio,2017-02-09,2018-03-28 21:39:52.897792,Lionel Pictures
6128708,Second Service,2017-02-02,2018-03-28 21:39:53.813143
3646472,The Scary Feeling,2017-02-16,2018-03-28 21:39:55.367881,Cinema City Pictures
6330554,Ren'ai kitanshû,2017-02-04,2018-03-28 21:39:56.217479,Cluster,Project Dawn
6594518,The Immortality Code,2017-02-18,2018-03-28 21:39:57.040195
6258084,Eye of Noor,2017-02,2018-03-28 21:39:57.843365
6270538,Swayam: Selfless,2017-02-17,2018-03-28 21:39:59.032153
5808990,El Amor No Puede Esperar,2017-02-14,2018-03-28 21:39:59.980706,Tres Piedras Producciones
6412094,Love Scars,2017-02-14,2018-03-28 21:40:01.900211,Side Effect Films
4679938,Motza El Hayam,2017-02-11,2018-03-28 21:40:03.812661,Arsam International,Laila Films,Laïla Films
6184972,Dancing x Midnight,2017-02-14,2018-03-28 21:40:04.520524,The Arthouse by Lamont Pierré
5425196,Victims of Circumstance,2017-02-01,2018-03-28 21:40:05.229530,Phillywood Films
5775862,Innocent,2017-02-15,2018-03-28 21:40:06.040284,Bruva
4772722,Forsaken,2017-02-24,2018-03-28 21:40:07.003865
6245320,Synchronizer,2017-02-11,2018-03-28 21:40:07.725519
6477680,Gaon Thor Pudhari Chor,2017-02-17,2018-03-28 21:40:08.690040,Mangesh Movies Enterprises
4895572,Zodiac: Apa Bintangmu?,2017-02,2018-03-28 21:40:09.516443,Renee Pictures
3907550,Liner Notes,2017-02-28,2018-03-28 21:40:10.254124
5885540,Kumo man.,2017-02-04,2018-03-28 21:40:12.187674,Creative Nexus
6761972,Get Some Money,2017-02-25,2018-03-28 21:40:12.919989,Legit Films
5335830,Reckoning,2017-02-11,2018-03-28 21:40:14.072289,Black Heart Comics,Plastic Age Productions
5315130,Alulim,2017-02-09,2018-03-28 21:40:14.802400,End All
5966220,Strawman,2017-02-12,2018-03-28 21:40:15.759307
6857334,Classmates 2: New Turn,2017-02-26,2018-03-28 21:40:16.408439
7133082,Spin,2017-02-13,2018-03-28 21:40:17.172889
7123236,Detective Jimmy Apple,2017-02-02,2018-03-28 21:40:17.931536,Inman Entertainment
7853228,Ranjan,2017-02-17,2018-03-28 21:40:18.735507
4584912,90 BpM,2017-02-08,2018-03-28 21:40:19.718257,Kore pictures
6516802,Lo que no se perdona,2017-02-23,2018-03-28 21:40:20.643485
6489278,Anthology of Horror 4,2017-02-01,2018-03-28 21:40:22.184583,Terra Studio,Toxic madness production
7836676,Raihô-sha X: Chijo yûgi,2017-02-24,2018-03-28 21:40:22.953441,Freak Out
7602104,Dinner Date,2017-02-05,2018-03-28 21:40:23.743491,Videlle
6607602,Dead End of Trust,2017-02-07,2018-03-28 21:40:24.753598,Vahuman Films
8140496,Szereföld,2017-02-14,2018-03-28 21:40:25.626912
6561516,Confessions of a Homicidal Prostitute,2017-02-20,2018-03-28 21:40:26.717227,FoxTrot Productions
6661850,Redhead,2017-02-12,2018-03-28 21:40:27.911509
6366342,Tara,2017-02,2018-03-28 21:40:28.662955,Hochschule für Fernsehen und Film München (HFF)
6704346,RHINO HORN,2017-02-01,2018-03-28 21:40:29.439333,Sharp Picture
6657562,Visiting Visa,2017-02-14,2018-03-28 21:40:30.289683,Focus pullers Entertainment
6615388,Dinner with God,2017-02-20,2018-03-28 21:40:31.334442
4602774,Dumlupinar: Sonsuza Kadar,2017-02-19,2018-03-28 21:40:33.228434,Amazon Produksiyon
7978376,The Picture,2017-02-02,2018-03-28 21:40:33.909952,Capture 1 Studios
6576284,Paranoid Flux,2017-02-07,2018-03-28 21:40:34.629496,By Numbers Productions
6512568,Nothing,2017-02-07,2018-03-28 21:40:35.601521
6721536,On The Run,2017-02-17,2018-03-28 21:40:36.824895
8094250,Firsts,2017-02-20,2018-03-28 21:40:37.730616,Protel Films
6748250,"Rising Sun, Rising Soul",2017-02-23,2018-03-28 21:40:38.416386,Rum Runner Films
6289828,Smoking Tar,2017-02-21,2018-03-28 21:40:39.128977,Media Dab
7028996,One Last Time in the Fields,2017-02,2018-03-28 21:40:39.826801
7172562,L'histoire estrange et fort mal connu de la crampe D'Azincourt,2017-02-15,2018-03-28 21:40:40.683320,Buffalo Corp.
6005402,Canaveral Chronicles,2017-02-14,2018-03-28 21:40:41.566569,Flying Monkey Media
6276692,Who Said Life Was Easy,2017-02,2018-03-28 21:40:42.363378,ToyMari Productions
6552104,Bøndenes Brorskap: Franske Fristelser (The Fellowship of the Farmers),2017-02-19,2018-03-28 21:40:42.986183,Rypekroken Productions
8032828,100 Milioni di bracciate,2017-02-01,2018-03-28 21:40:43.874464
6482130,Seif Tagreeby,2017-02-12,2018-03-28 21:40:44.756872,Otaku Digital Film
8034014,100 Milioni di bracciate,2017-02-01,2018-03-28 21:40:45.489822
6338624,My Mental Health & I,2017-02-17,2018-03-28 21:40:46.269057
7331218,Pay to Play,2017-02-11,2018-03-28 21:40:47.053749,GrammaBum Motion Pictures
5458340,Donovan Quixote,2017-02-02,2018-03-28 21:40:47.829896,Poplar Production
4651936,Dominating Love,2017-02-14,2018-03-28 21:40:48.305245
5858634,Tenshi no iru toshokan,2017-02-18,2018-03-28 21:40:49.140806,Horizon,JR West Japan Communications,Library Content Services,United Entertainment,Wonder Laboratory
7131702,61 No Gorpar Lane,2017-02-17,2018-03-28 21:40:50.099155,Actors Studio.
6936264,Prioni,2017-02-11,2018-03-28 21:40:51.006798,Jukka Nieminen
6534326,Talented Monsters,2017-02-18,2018-03-28 21:40:51.808437,NuView Entertainment
6716342,Flowers and Lap of a Rose,2017-02-28,2018-03-28 21:40:52.703204
6432324,Movements,2017-02-16,2018-03-28 21:40:53.490206,Weapon X Evolution
5996074,Haha: Kobayashi Takiji no haha no monogatari,2017-02-25,2018-03-28 21:40:54.691524,Gendai Productions
6492210,Al-Mukhayyam,2017-02-09,2018-03-28 21:40:55.512639,Perfetto Art Pro.
5845248,Set to Rise,2017-02-14,2018-03-28 21:40:56.303493,Amrita Kala Chitra,Amrita Kala Chitra
6669660,Life Point,2017-02-27,2018-03-28 21:40:57.158762,Dreamsalive,Les Films Terre Africaine
6555930,Seule... mais pas trop!,2017-02-22,2018-03-28 21:40:57.989395,Vent d'Ouest Distribution
6262626,Terra Infelix,2017-02-28,2018-03-28 21:40:58.666625
6356248,Bold & Beautiful Sherni,2017-02-03,2018-03-28 21:40:59.456836
8085426,Fuck the Bitch!,2017-02,2018-03-28 21:41:00.211764
7464974,Uscirai Sano,2017-02-10,2018-03-28 21:41:01.015982,Kinema,Kinema
7116102,Jim Greco's Year 13,2017-02-27,2018-03-28 21:41:01.780099
5572764,Other Plans,2017-02-02,2018-03-28 21:41:02.492257
4959890,Teardrops of PainT,2017-02-24,2018-03-28 21:41:03.701613
4865170,Spin Round,2017-02-10,2018-03-28 21:41:04.452989,Dizzy Heights
5537596,Arquebus: Fagert er Landet,2017-02-12,2018-03-28 21:41:05.454315
3572960,Surviving the Hunt,2017-02-14,2018-03-28 21:41:06.372867,Official I.C Entertainment
6264992,Saga o trzech prawiczkach,2017-02-17,2018-03-28 21:41:07.218951,Telic studios
6816282,Beach Club,2017-02-03,2018-03-28 21:41:08.079416
6347616,Kasagi Rock!,2017-02,2018-03-28 21:41:08.984525,Cinemasgix
5358666,Mann's Legacy,2017-02-08,2018-03-28 21:41:09.674383,mixfacer.com
6914228,Royal Opera House Live Cinema Season 2016/17: The Nutcracker,2017-02-10,2018-03-28 21:41:11.080496
7529482,Geoffrey Gilbert: Gentleman of the Flute,2017-02-14,2018-03-28 21:41:11.909915
6421698,Ji Jin Cheng Ming,2017-02-02,2018-03-28 21:41:12.801807,Beijing Yin Li Ying Hua
4872788,Leopardina,2017-02-01,2018-03-28 21:41:13.502238
2919222,Tig Hug,2017-02-26,2018-03-28 21:41:14.339405
5934552,Powrót do Legolandu,2017-02,2018-03-28 21:41:15.032211,Chroma Pro
5210614,W Mroku Lasu,2017-02-27,2018-03-28 21:41:15.736628,Bakhart Creativity Studio,High Tension Films,Raw Motion Pictures,Unusual Pictures
6272900,Desamantes,2017-02-01,2018-03-28 21:41:16.551126,Orbe Filmes
7971988,W A N D E R L U S T: A Musical Noir,2017-02-13,2018-03-28 21:41:17.307463,AMASnoir.
5427894,"Cierzo, relatos fantásticos",2017-02-03,2018-03-28 21:41:18.093797,Cierzo Film
4156050,Cast Out Onto Earth,2017-02,2018-03-28 21:41:19.492256
7621176,No Redemption,2017-02-08,2018-03-28 21:41:20.174170
7163366,De Witte Villa,2017-02-17,2018-03-28 21:41:21.904914
2708366,The Night Reign Fell to New Orleans,2017-02-01,2018-03-28 21:41:22.564480,El Cee Productions
7259784,Last Summer in Paris,2017-02-26,2018-03-28 21:41:23.359244,Chuck Bentley Productions
7758842,Mirage. The Films of Ana Mendieta,2017-02-02,2018-03-28 21:41:24.179299,"Estate of Ana Mendieta, The"
6857306,The Door,2017-02-19,2018-03-28 21:41:24.790823
7003218,"Postcards from the Shadows of the Petrol Chemistry, SWE",2017-02,2018-03-28 21:41:25.445024
6598674,Nightmare in Russia,2017-02-19,2018-03-28 21:41:26.246364,Limit Studio
6509308,Eternity,2017-02-04,2018-03-28 21:41:27.094144,CEC Productions,MorningStar Productions
6167074,Porque falei demais,2017-02-15,2018-03-28 21:41:27.831627,Red Line Filmes
7831498,Kekkon zen'ya: Yasashiku sarete,2017-02-03,2018-03-28 21:41:28.561866,Taro Pro
6718818,Arquimides,2017-02-10,2018-03-28 21:41:29.327023
7407430,For One Human Soul; a Struggle Within,2017-02,2018-03-28 21:41:30.016772
6587812,New ProjectShe's My Everything,2017-02,2018-03-28 21:41:30.687901
7161284,Weekend in Texas,2017-02-01,2018-03-28 21:41:31.467536
7837524,Genome,2017-02-09,2018-03-28 21:41:32.268855
6529424,The Big Picture: The People vs America,2017-02-08,2018-03-28 21:41:33.005020
6493866,Rahaf,2017-02-02,2018-03-28 21:41:34.138360
6314950,Fight in Heels,2017-02-20,2018-03-28 21:41:34.856496,Snatchpower
6231236,Goat of Mendez,2017-02-10,2018-03-28 21:41:36.496434,Empire Motion Pictures
6667458,Hatsukoi,2017-02-26,2018-03-28 21:41:37.169577
7589526,Jade Bracelete,2017-02-04,2018-03-28 21:41:38.072550,"TianJin Coastal International Industry Co., LTD"
4374842,Bone Cold,2017-02-17,2018-03-28 21:41:38.738738,Bullet Dance Films,Hellbender Media
7207494,Frieda and the Hidden Animals,2017-02,2018-03-28 21:41:39.440097
5860128,Rescuing Oliver,2017-02-11,2018-03-28 21:41:40.188237,Together We Prosper Films
8187502,Zerwany klos,2017-02-17,2018-03-28 21:41:41.020640
7255776,Passage to Persephone,2017-02-14,2018-03-28 21:41:41.820557
6634886,Kumano kara romanesuku,2017-02-18,2018-03-28 21:41:43.476700,Chiyoko Tanaka Office
6517138,Somewhere Between Then and Now,2017-02-07,2018-03-28 21:41:45.168959,"Cinema Group, The",Light Source Films,No Rules Cinema
7454018,Rangdari Tax,2017-02-17,2018-03-28 21:41:46.132139,Shweta Dreams Entertainment
6669678,Fre,2017-02-27,2018-03-28 21:41:46.916736,Sheger Film Production
5484000,Hunger & Love: Tobu O Bhalobasha,2017-02-14,2018-03-28 21:41:47.771835,Reggae Entertainment
2763278,Escape the Day,2017-02-01,2018-03-28 21:41:48.620332,In Our Image Productions
4641796,Tout un monde lointain,2017-02-01,2018-03-28 21:41:49.142274,Catherine Dussart Productions (CDP)
6634892,Yume no tsuzuki o mouichido,2017-02-25,2018-03-28 21:41:49.990499
