4465564,Fifty Shades Darker,2017-02-10,2018-04-03 20:06:46.905218,Universal Pictures,Perfect World Pictures (Beijing),Michael De Luca Productions,Dentsu,Fuji Television Network
3401882,Fist Fight,2017-02-17,2018-04-03 20:06:47.765101,New Line Cinema,Village Roadshow Pictures,21 Laps Entertainment,Wrigley Pictures,Van Brand
6346162,Disney's Newsies the Broadway Musical,2017-02-16,2018-04-03 20:06:53.229000,Fathom Events,PJM Productions,Steam Motion & Sound
4356480,The Healer,2017-02-17,2018-04-03 20:06:54.239469,Calcón,ESP-62 Producciones,Topsail Entertainment
2962984,Girlfriend's Day,2017-02-14,2018-04-03 20:06:55.230471,Netflix,Odenkirk Provissiero Entertainment
2196053,Something Like Summer,2017-02-25,2018-04-03 20:06:57.743288,Blue Seraph Productions,Jade Knight Productions
5848714,American Violence,2017-02-03,2018-04-03 20:06:58.845574,Status Media & Entertainment,BondIt
3705822,Moontrap: Target Earth,2017-02-07,2018-04-03 20:06:59.549336,MT2 Productions
4435082,Running Wild,2017-02-10,2018-04-03 20:07:01.407115,ESX Entertainment,ESX Productions
6343706,"Michael Bolton's Big, Sexy Valentine's Day Special",2017-02-07,2018-04-03 20:07:02.224755,Comedy Bang! Bang! Productions,Netflix,Passion Films
6290736,Wheeler,2017-02-03,2018-04-03 20:07:03.245038
5281700,Heartbeats,2017-02-09,2018-04-03 20:07:07.018692,Bowery Hills Entertainment,Dance Network,Das Films,Exit Strategy Productions,Mediabiz International,On the Road
3592904,Cross Wars,2017-02-07,2018-04-03 20:07:07.872160,Morningstar Films,Four Horsemen Films
5607782,The Covenant,2017-02-07,2018-04-03 20:07:10.230209,FunHouse Features
5176390,Non-Transferable,2017-02-14,2018-04-03 20:07:13.545211,Jigsaw Ensemble
5797798,Stalker's Prey,2017-02-09,2018-04-03 20:07:15.023466,Johnson Production Group,Stargazer Films (II),Synthetic Cinema International
4765862,Kept Boy,2017-02-04,2018-04-03 20:07:15.658249,Psychic Bunny
4382376,Lost Cat Corona,2017-02-24,2018-04-03 20:07:17.535682,Choice Films,City Squirrel Films
4132190,The Babymoon,2017-02-14,2018-04-03 20:07:19.735327,Double Entente Films
5301544,Swing State,2017-02-03,2018-04-03 20:07:20.682176,Thunk Enterprises,Circle 4 Entertainment,VMI Worldwide
3024324,Kill Game,2017-02-17,2018-04-03 20:07:23.507333,Full Throttle Pictures
2492344,Division 19,2017-02-24,2018-04-03 20:07:24.746990,Division 19,Gas Station 8,ITS Capital,Tiny Hand Films
3626214,Alien Vs. Zombies,2017-02-04,2018-04-03 20:07:27.502902,Nisivoccia Films
3305388,Mountain Top,2017-02-10,2018-04-03 20:07:28.442646,Level Path Productions
3721112,The Shadow People,2017-02-28,2018-04-03 20:07:29.050125,Edgen Films
5646992,It Happened One Valentine's,2017-02-07,2018-04-03 20:07:29.973474,Fly Free Films
3188492,Call of the Wolf,2017-02-07,2018-04-03 20:07:31.699582,Womack Film Works
4023854,Evol,2017-02-20,2018-04-03 20:07:32.694167,Sonder Pictures
6014442,Rice on White,2017-02-08,2018-04-03 20:07:34.068192
2523096,Needlestick,2017-02-21,2018-04-03 20:07:34.964591,Decipher Entertainment,Mass Effect Productions,Royale Greenstone Entertainment
6408946,Easter Bunny Adventure,2017-02-17,2018-04-03 20:07:35.784583
4821190,The Turnaround,2017-02-18,2018-04-03 20:07:36.247093,1st Dibz Productions
5754992,The Landing,2017-02-11,2018-04-03 20:07:37.172538,"Landing, The",Rocket 66 Entertainment
4662396,Sable,2017-02-22,2018-04-03 20:07:37.850017,InnoVate Productions,Italian Cowboy Productions
3350996,VooDoo,2017-02-24,2018-04-03 20:07:38.958114,Hypercube Films
5778908,Yellow Fever,2017-02-15,2018-04-03 20:07:40.346083,Wham Bam Productions
6095714,The Boundary,2017-02-15,2018-04-03 20:07:44.644871,Dark Square Productions
5612182,Walk Away from Love,2017-02-10,2018-04-03 20:07:45.841756,Nferno Productions LLC
3766340,"Liza, Liza, Skies Are Grey",2017-02-02,2018-04-03 20:07:48.105259,"Liza, Liza"
3447876,Deadly Sanctuary,2017-02-17,2018-04-03 20:07:48.985438,First In Security Tactics,NANDAR Entertainment Group,Starfire Productions,WeatherVane Productions
5451640,Secrets of Deception,2017-02-07,2018-04-03 20:07:49.981358,Webber Films,DejaView Films,History In The Making Entertainment,Leading Lobos,Webstar Productions
4449516,Trew Calling,2017-02-02,2018-04-03 20:07:51.027523,NDstudios,GKG Productions
5881892,Elizabeth Blue,2017-02-16,2018-04-03 20:07:52.028898,Nittle Baby Productions
6567472,Death Game,2017-02-22,2018-04-03 20:07:53.110526,CineRidge Entertainment
6570014,Life Animated,2017-02-18,2018-04-03 20:07:53.980569,Twin Suns Entertainment
4565668,Sorceress,2017-02-25,2018-04-03 20:07:54.748362
4943620,A Closer Walk with Thee,2017-02-28,2018-04-03 20:07:55.763252
3946960,Chapter & Verse,2017-02-03,2018-04-03 20:07:56.480316,"Bubble Factory, The",Harlem Film Company
4065214,Wild Men,2017-02-07,2018-04-03 20:07:57.325952,Goocher Films
3180402,Getting Schooled,2017-02-07,2018-04-03 20:07:58.263524,Lucky Chucky Productions
6407390,Down on the Farm,2017-02-14,2018-04-03 20:07:59.888715,Ruthless Studios
5779960,Bear Creek,2017-02-19,2018-04-03 20:08:00.803848,Razorbill Productions
3980372,Courageous Love,2017-02-14,2018-04-03 20:08:01.868403,Crystal Creek Media
3630800,Another Yeti a Love Story: Life on the Streets,2017-02-14,2018-04-03 20:08:02.853733
4916178,No Blood of Mine,2017-02-04,2018-04-03 20:08:04.083813,No Blood of Mine
5292928,Assumption,2017-02-16,2018-04-03 20:08:05.126048,Gray Area Multimedia,Rosewood Five
3101140,My B.F.F.,2017-02-13,2018-04-03 20:08:05.700779,My BFF Films,AMP International,G2,Nexus Entertainment
4624204,Slipaway,2017-02-23,2018-04-03 20:08:06.755200,Creative Vision,Glasscore Entertainment
4947572,On the Rocks,2017-02-03,2018-04-03 20:08:07.956265,No Sleep Films,Cadavre Films,BoulderLight Pictures
4230192,Reel Nightmare,2017-02-07,2018-04-03 20:08:09.253190,Reel Nightmare,Together Magic Films
4949412,Amanda and the Fox,2017-02-11,2018-04-03 20:08:10.303051,Be Your Own Hollywood
4338252,Groundhog,2017-02-03,2018-04-03 20:08:11.393595,BoomBastic Films
5574080,American Driver,2017-02-24,2018-04-03 20:08:12.067780,Golden Icons,Sneeze Films,Get Known Productions
2786524,Bigger Than the Beatles,2017-02-10,2018-04-03 20:08:13.129471,Fortaleza Filmworks,Hollywood Pictures (III)
5108524,The Dark Military,2017-02-09,2018-04-03 20:08:14.601443,Average Superstar Films,Backseat Conceptions
5478868,Coffee & Cabbage,2017-02-21,2018-04-03 20:08:15.402577,"Other Hitchcock Entertainment, The",Wickid Pissa Films
5131768,CainAbel,2017-02-13,2018-04-03 20:08:16.167191,Team Ramsey Entertainment
6843386,The Lou,2017-02-03,2018-04-03 20:08:17.132667,4 Feet Off the Ground
5910248,Mistaken,2017-02-02,2018-04-03 20:08:17.865795,Bottom of the Net Filmworks
6495538,SuperMarioLogan: The New House,2017-02-03,2018-04-03 20:08:18.828274,Ryanimation Entertainment
5860852,The Perfect Wife,2017-02-02,2018-04-03 20:08:19.740427,Syllabus Productions
8089116,The Cat in the Hat Knows a Lot About Space!,2017-02-07,2018-04-03 20:08:20.446293,Portfolio Productions
4952536,Cupid's Guillotine,2017-02-14,2018-04-03 20:08:21.263263
2994262,Bandit and the Saints of Dogwood,2017-02-03,2018-04-03 20:08:22.147785,Engine 15 Media Group,Lycan Entertainment,WillRock Entertainment
6658274,P-Chan Busting Into America,2017-02-14,2018-04-03 20:08:23.135394,Atomic Cheesecake Productions
5052832,Back to One: First Position,2017-02-26,2018-04-03 20:08:24.031892,Divine Miracle Studios,Envz Productions,Trey Marksberry
6547822,Bloody Murder,2017-02-15,2018-04-03 20:08:25.013350,Tornspace Films
2112982,Kessler's Lab,2017-02-05,2018-04-03 20:08:26.090534,Final Cut Productions (II),Flying Turtle Productions II,Red Castle Pictures
4045444,Untitled (A Film),2017-02-15,2018-04-03 20:08:27.145463,Truk Films
5342736,Starwatch,2017-02-27,2018-04-03 20:08:27.886089
3198282,The Game Done Changed,2017-02-14,2018-04-03 20:08:28.639712,Black Jack Entertainment,Loyal Royal Entertainment,Nikkso Productions
5021840,Manhattan Cop,2017-02-28,2018-04-03 20:08:29.545962
7971988,W A N D E R L U S T: A Musical Noir,2017-02-13,2018-04-03 20:08:30.308069,AMASnoir.
5047136,Denounced,2017-02-04,2018-04-03 20:08:31.227373,4 Mile Radius Productions
5052424,LIVELove,2017-02-15,2018-04-03 20:08:32.732759,JARS Productions,Massive Film Project
7235806,Dead Grid,2017-02-20,2018-04-03 20:08:33.853072,T H Pictures Productions
6534326,Talented Monsters,2017-02-18,2018-04-03 20:08:34.610718,NuView Entertainment
5731468,Rain River Falls,2017-02-28,2018-04-03 20:08:35.284724,MFTD Entertainment
5315130,Alulim,2017-02-09,2018-04-03 20:08:36.008892,End All
2401817,Veil,2017-02-14,2018-04-03 20:08:36.968231,Ten Sundays Productions
4932580,"A Rabbi, a Priest and an Ex-Gumba",2017-02-14,2018-04-03 20:08:37.975186,Land Of The Free
6125916,Beyond the Shield,2017-02-02,2018-04-03 20:08:38.701847,Maddox Entertainment,Kingdomtainment
6258158,Draco Ortus,2017-02,2018-04-03 20:08:39.564600
5192576,The Book of Ten Years,2017-02-23,2018-04-03 20:08:40.518085,Howling Gale Entertainment
3850164,Return to Nihasa,2017-02-21,2018-04-03 20:08:41.584048,Stay West Films
2967526,Saltwater,2017-02-09,2018-04-03 20:08:42.367544
6042588,66 & Nowhere,2017-02-04,2018-04-03 20:08:43.078458,GSO Productions,Mark Grise Films,Soul In the Machine Pictures
3907550,Liner Notes,2017-02-28,2018-04-03 20:08:43.699774
6530360,We Knew Better,2017-02-06,2018-04-03 20:08:44.632308,22 Prod
6577246,Necro Files 3000,2017-02-02,2018-04-03 20:08:46.016157,Carilliam Pictures
6283934,Los Angeles Kidnapping,2017-02-24,2018-04-03 20:08:47.238845,Beijing Zhuimeng Culture,Zhuimeng Media
4553514,Inside Ben,2017-02-25,2018-04-03 20:08:48.137242,Real.Amaru Comedy Productions
4002218,Cafe Artist,2017-02,2018-04-03 20:08:49.105467,Ghazo Pics
5056786,Dirty South House Arrest,2017-02,2018-04-03 20:08:50.367544,Reel Girl Films
6099466,Yung Galore,2017-02-21,2018-04-03 20:08:51.147293
3578022,Selling Stupid,2017-02-12,2018-04-03 20:08:52.250781,Pinkie's Kid Productions
5047372,The Way Forward,2017-02-27,2018-04-03 20:08:53.270143
6561516,Confessions of a Homicidal Prostitute,2017-02-20,2018-04-03 20:08:54.435051,FoxTrot Productions
6204836,Hitman Conspiracy,2017-02-16,2018-04-03 20:08:55.424425,Sinful Repentance
6184972,Dancing x Midnight,2017-02-14,2018-04-03 20:08:57.346142,The Arthouse by Lamont Pierré
6490334,Blackberry Smoke with Bob Weir: An Evening at TRI,2017-02-03,2018-04-03 20:08:58.862314,TRI Studios
6789090,Ulysses in the Subway,2017-02-12,2018-04-03 20:08:59.840529
7123236,Detective Jimmy Apple,2017-02-02,2018-04-03 20:09:00.591343,Inman Entertainment
3572960,Surviving the Hunt,2017-02-14,2018-04-03 20:09:01.245364,Official I.C Entertainment
5335830,Reckoning,2017-02-11,2018-04-03 20:09:02.204525,Black Heart Comics,Plastic Age Productions
6748250,"Rising Sun, Rising Soul",2017-02-23,2018-04-03 20:09:03.107801,Rum Runner Films
7003386,2 Lanes,2017-02-14,2018-04-03 20:09:03.905354,Villain TV
6128708,Second Service,2017-02-02,2018-04-03 20:09:04.644556
4772722,Forsaken,2017-02-24,2018-04-03 20:09:05.399240
6684648,The Boy Who Lived Before,2017-02-02,2018-04-03 20:09:06.084973
4042020,Phillip: The Movie,2017-02-14,2018-04-03 20:09:06.930165,Spike Industries
4651936,Dominating Love,2017-02-14,2018-04-03 20:09:07.612408
6077620,My Experience,2017-02-05,2018-04-03 20:09:08.216294,Tranquillibrium Entertainment
2566292,Dead Giveaway: The Motion Picture,2017-02-11,2018-04-03 20:09:09.135601,Wortown Films
5845248,Set to Rise,2017-02-14,2018-04-03 20:09:09.833342,Amrita Kala Chitra,Amrita Kala Chitra
5572764,Other Plans,2017-02-02,2018-04-03 20:09:10.675087
3646472,The Scary Feeling,2017-02-16,2018-04-03 20:09:11.413750,Cinema City Pictures
4156050,Cast Out Onto Earth,2017-02,2018-04-03 20:09:12.592031
7259784,Last Summer in Paris,2017-02-26,2018-04-03 20:09:13.316680,Chuck Bentley Productions
7116102,Jim Greco's Year 13,2017-02-27,2018-04-03 20:09:15.013293
6128672,The Assumptions,2017-02-27,2018-04-03 20:09:15.936535,Gina Carey Films
6615388,Dinner with God,2017-02-20,2018-04-03 20:09:16.846932
7008844,HOUSED: The Feature,2017-02-22,2018-04-03 20:09:17.605555,Magic Dog Productions
6517138,Somewhere Between Then and Now,2017-02-07,2018-04-03 20:09:18.344293,"Cinema Group, The",Light Source Films,No Rules Cinema
6380402,Rainbow Dreams,2017-02-14,2018-04-03 20:09:19.100963,Sen Hill Pictures
6509308,Eternity,2017-02-04,2018-04-03 20:09:20.011434,CEC Productions,MorningStar Productions
5860128,Rescuing Oliver,2017-02-11,2018-04-03 20:09:20.678724,Together We Prosper Films
4959890,Teardrops of PainT,2017-02-24,2018-04-03 20:09:21.744888
7978376,The Picture,2017-02-02,2018-04-03 20:09:22.505940,Capture 1 Studios
6947442,The Basement,2017-02-02,2018-04-03 20:09:23.473650,United Federation Production
7529482,Geoffrey Gilbert: Gentleman of the Flute,2017-02-14,2018-04-03 20:09:24.149908
7758842,Mirage. The Films of Ana Mendieta,2017-02-02,2018-04-03 20:09:24.921698,"Estate of Ana Mendieta, The"
6314950,Fight in Heels,2017-02-20,2018-04-03 20:09:26.032077,Snatchpower
7837524,Genome,2017-02-09,2018-04-03 20:09:26.914958
4374842,Bone Cold,2017-02-17,2018-04-03 20:09:27.565578,Bullet Dance Films,Hellbender Media
6258084,Eye of Noor,2017-02,2018-04-03 20:09:28.331882
5458340,Donovan Quixote,2017-02-02,2018-04-03 20:09:29.015637,Poplar Production
6816282,Beach Club,2017-02-03,2018-04-03 20:09:29.798160
6576284,Paranoid Flux,2017-02-07,2018-04-03 20:09:30.487011,By Numbers Productions
7331218,Pay to Play,2017-02-11,2018-04-03 20:09:31.448761,GrammaBum Motion Pictures
5637878,A Reckoning,2017-02-27,2018-04-03 20:09:32.070590,A Reckoning Film,Brackish Films,Glowstix Studios
6562128,Branded Red,2017-02-04,2018-04-03 20:09:32.841760,Elder Zombie Productions
7255776,Passage to Persephone,2017-02-14,2018-04-03 20:09:33.662428
7621176,No Redemption,2017-02-08,2018-04-03 20:09:34.377966
6587812,New ProjectShe's My Everything,2017-02,2018-04-03 20:09:35.179556
2356196,Three from the Block,2017-02-05,2018-04-03 20:09:36.207283,107 Street Productions
6432324,Movements,2017-02-16,2018-04-03 20:09:36.937654,Weapon X Evolution
7407430,For One Human Soul; a Struggle Within,2017-02,2018-04-03 20:09:37.608055
